NO,MOVIE_NM,DRCTR_NM,MAKR_NM,INCME_CMPNY_NM,DISTB_CMPNY_NM,OPN_DE,MOVIE_TY_NM,MOVIE_STLE_NM,NLTY_NM,TOT_SCRN_CO,SALES_PRICE,VIEWNG_NMPR_CO,SEOUL_SALES_PRICE,SEOUL_VIEWNG_NMPR_CO,GENRE_NM,GRAD_NM,MOVIE_SDIV_NM
1,모가디슈,류승완,"(주)덱스터스튜디오,(주)외유내강,(주)필름케이",,롯데컬처웍스(주)롯데엔터테인먼트,2021-07-,개봉영화,장편,한국,,,,,,액션,15세이상관람가,일반영화
2,블랙 위도우,케이트 쇼트랜드,,월트디즈니컴퍼니코리아 유한책임회사,월트디즈니컴퍼니코리아 유한책임회사,2021-07-,개봉영화,장편,미국,,,,,,액션,12세이상관람가,일반영화
3,싱크홀,김지훈,(주)더타워픽쳐스,,(주)쇼박스,2021-08-,개봉영화,장편,한국,,,,,,코미디,12세이상관람가,일반영화
4,인질,필감성,"(주)외유내강,(주)샘컴퍼니",,(주)넥스트엔터테인먼트월드(NEW),2021-08-,개봉영화,장편,한국,,,,,,액션,15세이상관람가,일반영화
5,보스 베이비 2,톰 맥그라스,,유니버설픽쳐스인터내셔널 코리아(유),유니버설픽쳐스인터내셔널 코리아(유),2021-07-,개봉영화,장편,미국,,,,,,애니메이션,전체관람가,일반영화
6,랑종,반종 피산다나쿤,(주)노던크로스,,(주)쇼박스,2021-07-,개봉영화,장편,한국,,,,,,공포(호러),청소년관람불가,일반영화
7,발신제한,김창주,"(주)티피에스컴퍼니,(주)씨제이이엔엠",,(주)씨제이이엔엠,2021-06-,개봉영화,장편,한국,,,,,,스릴러,15세이상관람가,일반영화
8,크루엘라,크레이그 질레스피,,월트디즈니컴퍼니코리아 유한책임회사,월트디즈니컴퍼니코리아 유한책임회사,2021-05-,개봉영화,장편,미국,,,,,,드라마,12세이상관람가,일반영화
9,더 수어사이드 스쿼드,제임스 건,,워너브러더스 코리아(주),워너브러더스 코리아(주),2021-08-,개봉영화,장편,미국,,,,,,액션,청소년관람불가,일반영화
10,프리 가이,숀 레비,,월트디즈니컴퍼니코리아 유한책임회사,월트디즈니컴퍼니코리아 유한책임회사,2021-08-,개봉영화,장편,미국,750,,,,,액션,12세이상관람가,일반영화
11,정글 크루즈,자움 콜렛 세라,,월트디즈니컴퍼니코리아 유한책임회사,월트디즈니컴퍼니코리아 유한책임회사,2021-07-,개봉영화,장편,미국,831,,,,,액션,12세이상관람가,일반영화
12,이스케이프 룸 2: 노 웨이 아웃,애덤 로비텔,,소니픽쳐스엔터테인먼트코리아주식회사극장배급지점,소니픽쳐스엔터테인먼트코리아주식회사극장배급지점,2021-07-,개봉영화,장편,미국,728,,,,,액션,15세이상관람가,일반영화
13,콰이어트 플레이스 2,존 크래신스키,,롯데컬처웍스(주)롯데엔터테인먼트,롯데컬처웍스(주)롯데엔터테인먼트,2021-06-,개봉영화,장편,미국,,,,,,스릴러,15세이상관람가,일반영화
14,방법: 재차의,김용완,"클라이맥스 스튜디오(주),(주)씨제이이엔엠,스튜디오 드래곤,(주)키이스트",,(주)씨제이이엔엠,2021-07-,개봉영화,장편,한국,838,,,,,미스터리,15세이상관람가,일반영화
15,올드,M. 나이트 샤말란,,유니버설픽쳐스인터내셔널 코리아(유),유니버설픽쳐스인터내셔널 코리아(유),2021-08-,개봉영화,장편,미국,551,,,,,공포(호러),12세이상관람가,일반영화
16,루카,엔리코 카사로사,,월트디즈니컴퍼니코리아 유한책임회사,월트디즈니컴퍼니코리아 유한책임회사,2021-06-,개봉영화,장편,미국,856,,,,,애니메이션,전체관람가,일반영화
17,킬러의 보디가드 2,패트릭 휴즈,,(유)조이앤시네마,"TCO(주)더콘텐츠온,(주)제이앤씨미디어그룹",2021-06-,개봉영화,장편,미국,975,,,,,액션,청소년관람불가,일반영화
18,귀문,심덕근,"(주)고스트픽처스,(주)주피터필름",,씨제이 씨지브이(CJ CGV)(주),2021-08-,개봉영화,장편,한국,692,,,,,미스터리,15세이상관람가,일반영화
19,미드나이트,권오승,(주)페퍼민트앤컴퍼니,,씨제이 씨지브이(CJ CGV)(주),2021-06-,개봉영화,장편,한국,693,,,,,스릴러,15세이상관람가,일반영화
20,극장판 도라에몽: 진구의 신공룡,이마이 카즈아키,,대원미디어(주),(주)리틀빅픽쳐스,2021-08-,개봉영화,장편,일본,502,,,,,애니메이션,전체관람가,일반영화
21,퍼피 구조대 더 무비,캘런 브런커,,,롯데컬처웍스(주)롯데엔터테인먼트,2021-08-,개봉영화,장편,미국,355,,,,,애니메이션,전체관람가,일반영화
22,꽃다발 같은 사랑을 했다,도이 노부히로,,(주)미디어캐슬,"(주)리틀빅픽쳐스,(주)레드로버",2021-07-,개봉영화,장편,일본,198,,,,,멜로/로맨스,12세이상관람가,독립/예술영화
23,레미니센스,리사 조이,,워너브러더스 코리아(주),워너브러더스 코리아(주),2021-08-,개봉영화,장편,미국,548,,,,,SF,12세이상관람가,일반영화
24,은혼 더 파이널,,,에스엠지홀딩스 주식회사,워터홀컴퍼니(주),2021-07-,개봉영화,장편,일본,170,,,,,애니메이션,15세이상관람가,일반영화
25,인 더 하이츠,존 추,,워너브러더스 코리아(주),워너브러더스 코리아(주),2021-06-,개봉영화,장편,미국,649,,,,,뮤지컬,12세이상관람가,일반영화
26,괴기맨숀,조바른,(주)엠씨엠씨,,(주)콘텐츠판다,2021-06-,개봉영화,장편,한국,131,,,,,공포(호러),15세이상관람가,일반영화
27,아이스 로드,조나단 헨스라이,,(유)조이앤시네마,"(주)스튜디오 산타클로스엔터테인먼트,(주)제이앤씨미디어그룹",2021-07-,개봉영화,장편,미국,344,,,,,스릴러,12세이상관람가,일반영화
28,컨저링3: 악마가 시켰다,마이클 차베즈,,워너브러더스 코리아(주),워너브러더스 코리아(주),2021-06-,개봉영화,장편,미국,,,,,,공포(호러),15세이상관람가,일반영화
29,여름날 우리,한톈,,찬란,"찬란,메가박스중앙(주)",2021-08-,개봉영화,장편,중국,262,,,,,코미디,12세이상관람가,독립/예술영화
30,그린 나이트,데이빗 로워리,,찬란,(주)팝엔터테인먼트,2021-08-,개봉영화,장편,미국,235,,,,,어드벤처,15세이상관람가,독립/예술영화
31,스페이스 잼: 새로운 시대,말콤 D. 리,,워너브러더스 코리아(주),워너브러더스 코리아(주),2021-07-,개봉영화,장편,미국,521,,,,,애니메이션,전체관람가,일반영화
32,체르노빌 1986,다닐라 코즈로브스키,,주식회사 풍경소리,(주)팝엔터테인먼트,2021-06-,개봉영화,장편,러시아,182,,,,,액션,12세이상관람가,독립/예술영화
33,오필리아,클레어 맥카시,,그린나래미디어(주),(주)홈초이스,2021-07-,개봉영화,장편,미국,117,,,,,멜로/로맨스,15세이상관람가,독립/예술영화
34,블랙핑크 더 무비,"오윤동,정수이",씨제이포디플렉스 주식회사,,씨제이포디플렉스 주식회사,2021-08-,개봉영화,장편,한국,147,,,,,공연,전체관람가,일반영화
35,이번엔 잘 되겠지,이승수,무진영화사,,THE 픽쳐스,2021-07-,개봉영화,장편,한국,48,,,,,코미디,15세이상관람가,독립/예술영화
36,호스트: 접속금지,롭 새비지,,씨네쿼넌 픽쳐스,(주)넥스트엔터테인먼트월드(NEW),2021-07-,개봉영화,장편,영국,148,,,,,공포(호러),15세이상관람가,독립/예술영화
37,분노의 질주: 더 얼티메이트,저스틴 린,,유니버설픽쳐스인터내셔널 코리아(유),유니버설픽쳐스인터내셔널 코리아(유),2021-05-,개봉영화,장편,미국,,,,,,액션,12세이상관람가,일반영화
38,빛나는 순간,소준문,"(주)명필름,웬에버스튜디오,명필름랩",,"(주)명필름,(주)씨네필운",2021-06-,개봉영화,장편,한국,267,,,,,드라마,12세이상관람가,독립/예술영화
39,피닉스,크리스티안 펫졸드,,M&M 인터내셔널,M&M 인터내셔널,2021-07-,개봉영화,장편,독일,54,,,,,드라마,12세이상관람가,독립/예술영화
40,남색대문,이치엔,,오드,오드,2021-08-,개봉영화,장편,대만,79,,,,,드라마,12세이상관람가,독립/예술영화
41,팜 스프링스,맥스 바버카우,,그린나래미디어(주),(주)디스테이션,2021-08-,개봉영화,장편,미국,83,,,,,코미디,15세이상관람가,독립/예술영화
42,코다,션 헤이더,,판씨네마(주),판씨네마(주),2021-08-,개봉영화,장편,프랑스,293,,,,,드라마,12세이상관람가,독립/예술영화
43,매직아치,바실리 로벤스키,,(주)영화사 빅,(주)영화사 빅,2021-07-,개봉영화,장편,러시아,181,,,,677,애니메이션,전체관람가,일반영화
44,"우리, 둘",,,그린나래미디어(주),"그린나래미디어(주),(주)버킷스튜디오",2021-07-,개봉영화,장편,프랑스,54,,,,,드라마,12세이상관람가,독립/예술영화
45,액션히어로,이진호,한국예술종합학교 산학협력단,,(주)트리플픽쳐스,2021-07-,개봉영화,장편,한국,110,,,,,액션,12세이상관람가,독립/예술영화
46,극장판 귀멸의 칼날: 무한열차편,소토자키 하루오,,에스엠지홀딩스 주식회사,워터홀컴퍼니(주),2021-01-,개봉영화,장편,일본,380,,,,,애니메이션,15세이상관람가,일반영화
47,나는 나대로 혼자서 간다,오키타 슈이치,,(주)영화사 진진,(주)영화사 진진,2021-07-,개봉영화,장편,일본,23,,,,,드라마,12세이상관람가,독립/예술영화
48,다크 앤드 위키드,브라이언 버티노,,(주)히스토리필름,와이드 릴리즈(주),2021-06-,개봉영화,장편,미국,164,,,,,공포(호러),15세이상관람가,일반영화
49,블라이스 스피릿,에드워드 홀,,,(주)이놀미디어,2021-06-,개봉영화,장편,영국,135,,,,,판타지,12세이상관람가,독립/예술영화
50,학교 가는 길,김정인,(주)마로스튜디오,,(주)영화사 진진,2021-05-,개봉영화,장편,한국,90,,,,841,다큐멘터리,12세이상관람가,독립/예술영화
51,와인 패밀리,숀 시스터나,,해피송,해피송,2021-07-,개봉영화,장편,캐나다,35,,,,,드라마,12세이상관람가,독립/예술영화
52,트립 투 그리스,마이클 윈터바텀,,찬란,"찬란,하이, 스트레인저",2021-07-,개봉영화,장편,영국,48,,,,,코미디,15세이상관람가,독립/예술영화
53,갈매기,김미조,DGC,,(주)영화사 진진,2021-07-,개봉영화,장편,한국,42,,,,,드라마,15세이상관람가,독립/예술영화
54,더 퍼지: 포에버,에베라도 발레리오 구트,,유니버설픽쳐스인터내셔널 코리아(유),유니버설픽쳐스인터내셔널 코리아(유),2021-07-,개봉영화,장편,미국,52,,,,,스릴러,청소년관람불가,일반영화
55,다이노 마이 프렌드,종위,,(주)박수엔터테인먼트,(주)박수엔터테인먼트,2021-08-,개봉영화,장편,중국,185,,,,462,애니메이션,전체관람가,일반영화
56,웬디,벤 제틀린,,(주)영화사 진진,"(주)영화사 진진,하이, 스트레인저",2021-06-,개봉영화,장편,미국,79,,,,,드라마,12세이상관람가,독립/예술영화
57,워스,사라 코랑겔로,,미디어소프트,(주)홈초이스,2021-07-,개봉영화,장편,미국,65,,,,,드라마,12세이상관람가,독립/예술영화
58,잘리카투,,,주식회사 슈아픽처스,주식회사 슈아픽처스,2021-08-,개봉영화,장편,기타,45,,,,,액션,15세이상관람가,독립/예술영화
59,시카다 3301,앨런 리치슨,,(주)블루라벨픽쳐스,(주)블루라벨픽쳐스,2021-07-,개봉영화,장편,미국,26,,,,,액션,청소년관람불가,일반영화
60,극장판 페이트/그랜드 오더 신성원탁영역 카멜롯 팔라딘; 아가트람,아라이 카즈토,,(주)애니플러스,(주)애니플러스,2021-08-,개봉영화,장편,일본,44,,,,,애니메이션,15세이상관람가,일반영화
61,크레센도,드로르 자하비,,(주)티캐스트,(주)티캐스트,2021-06-,개봉영화,장편,독일,57,,,,,드라마,12세이상관람가,독립/예술영화
62,암살자들,,,주식회사 더쿱,"주식회사 왓챠,주식회사 더쿱",2021-08-,개봉영화,장편,미국,39,,,,,다큐멘터리,15세이상관람가,독립/예술영화
63,낫아웃,이정곤,"이안필름,(주)키즈리턴",,"(주)케이티알파,판씨네마(주)",2021-06-,개봉영화,장편,한국,203,,,,,드라마,15세이상관람가,독립/예술영화
64,킬러의 보디가드 2: 킬러의 와이프,패트릭 휴즈,,(유)조이앤시네마,"TCO(주)더콘텐츠온,(주)제이앤씨미디어그룹",2021-08-,개봉영화,장편,미국,30,,,,,액션,15세이상관람가,일반영화
65,더 그레이트 샤크,,,(유)조이앤시네마,(주)제이앤씨미디어그룹,2021-08-,개봉영화,장편,헝가리,106,,,,927,공포(호러),12세이상관람가,일반영화
66,귀신,정하용,주식회사 시네마천국,,(주)스튜디오 보난자,2021-08-,개봉영화,장편,한국,31,,,,,공포(호러),청소년관람불가,독립/예술영화
67,박강아름 결혼하다,박강아름,창작집단3355 (A.3355),,(주)영화사 진진,2021-08-,개봉영화,장편,한국,32,,,,,다큐멘터리,전체관람가,독립/예술영화
68,코드 카림,페드리코 알로토,,(주)월드시네마,(주)월드시네마,2021-08-,개봉영화,장편,이탈리아,21,,,,,액션,15세이상관람가,독립/예술영화
69,옥스포드 살인사건,알렉스 드 라 이글레시아,,(주)영화사 안다미로,(주)팝엔터테인먼트,2021-07-,개봉영화,장편,스페인,91,,,,,범죄,15세이상관람가,독립/예술영화
70,뱅드림! 로젤리아 에피소드Ⅰ: 약속,카키모토 코다이,,(주)애니플러스,(주)애니플러스,2021-06-,개봉영화,장편,일본,141,,,,,애니메이션,전체관람가,일반영화
71,숏버스 이별행,"유현,김세희,김홍기,원은선",(주)퍼니콘,,"언더식스티,(주)퍼니콘",2021-07-,개봉영화,장편,한국,53,,,,,코미디,15세이상관람가,독립/예술영화
72,나만 보이니,임용재,유한회사 영화사 반딧불,,(주)디스테이션,2021-07-,개봉영화,장편,한국,84,,,,699,공포(호러),15세이상관람가,일반영화
73,우리는 매일매일,강유가람,영희야 놀자,,㈜인디스토리,2021-06-,개봉영화,장편,한국,30,,,,,다큐멘터리,12세이상관람가,독립/예술영화
74,여고괴담 여섯번째 이야기 : 모교,이미영,(주)씨네이천,,"(주)케이티알파,씨제이 씨지브이(CJ CGV)(주)",2021-06-,개봉영화,장편,한국,603,,,,269,미스터리,15세이상관람가,일반영화
75,상견니,황천인,,오드,오드,2021-08-,개봉영화,장편,기타,92,,,,840,드라마,12세이상관람가,일반영화
76,생각의 여름,김종재,너드 조크 필름,,㈜인디스토리,2021-08-,개봉영화,장편,한국,41,,,,,드라마,12세이상관람가,독립/예술영화
77,아이윌 송,이상훈,(주)오예스,,(주)라이크콘텐츠,2021-07-,개봉영화,장편,한국,34,,,,,드라마,12세이상관람가,독립/예술영화
78,자산어보,이준익,(주)씨네월드,,메가박스중앙(주)플러스엠,2021-03-,개봉영화,장편,한국,,,,,,사극,12세이상관람가,일반영화
79,노매드랜드,클로이 자오,,월트디즈니컴퍼니코리아 유한책임회사,월트디즈니컴퍼니코리아 유한책임회사,2021-04-,개봉영화,장편,미국,181,,,,,드라마,12세이상관람가,독립/예술영화
80,온 더 로드,이재한,주식회사 스토리웍스코리아,,CGV ICECON,2021-07-,개봉영화,장편,한국,18,,,,991,다큐멘터리,전체관람가,일반영화
81,바디 브로커,,,(주)스마일이엔티,(주)스마일이엔티,2021-07-,개봉영화,장편,미국,52,,,,,범죄,15세이상관람가,일반영화
82,자마,루크레시아 마르텔,,M&M 인터내셔널,M&M 인터내셔널,2021-08-,개봉영화,장편,아르헨티나,34,,,,,드라마,15세이상관람가,독립/예술영화
83,메이드 인 루프탑,김조광수,(주)레인보우팩토리,,(주)엣나인필름,2021-06-,개봉영화,장편,한국,77,,,,,드라마,15세이상관람가,독립/예술영화
84,더 파더,플로리안 젤러,,판씨네마(주),판씨네마(주),2021-04-,개봉영화,장편,영국,348,,,,,드라마,12세이상관람가,독립/예술영화
85,어웨이,긴츠 질발로디스,,"주식회사 온 피크,(주)씨네필운",(주)씨네필운,2021-08-,개봉영화,장편,기타,19,,,,743,애니메이션,전체관람가,독립/예술영화
86,죽어도 좋은 경험: 천사여 악녀가 되라,김기영,유성영화(주),,주식회사 블루필름웍스,2021-07-,개봉영화,장편,한국,28,,,,,드라마,"연소자관람불가,청소년관람불가",독립/예술영화
87,CCTV,김홍익,채널맥,,마루아트센터(주),2021-07-,개봉영화,장편,한국,1,,,,,공포(호러),15세이상관람가,일반영화
88,언더그라운드,김정근,수요일,,(주)시네마달,2021-08-,개봉영화,장편,한국,19,,,,728,다큐멘터리,12세이상관람가,일반영화
89,프랑켄슈타인,대니 보일,,,CGV ICECON,2021-08-,개봉영화,장편,미국,12,,,,695,공연,15세이상관람가,일반영화
90,미나리,정이삭,,판씨네마(주),판씨네마(주),2021-03-,개봉영화,장편,미국,,,951,,368,드라마,12세이상관람가,독립/예술영화
91,북샵,이자벨 코이젯트,,(주)콘텐츠판다,(주)콘텐츠판다,2021-06-,개봉영화,장편,스페인,9,,921,,439,드라마,전체관람가,독립/예술영화
92,아담,마리암 투자니,,시네마 뉴원,시네마 뉴원,2021-08-,개봉영화,장편,모로코,29,,900,,606,드라마,12세이상관람가,독립/예술영화
93,샤먼 로드,최상진,강 컨텐츠,,강 컨텐츠,2021-07-,개봉영화,장편,한국,5,,884,,407,다큐멘터리,12세이상관람가,독립/예술영화
94,사랑하고 사랑받고 차고 차이고,미키 타카히로,,"(주)도키엔터테인먼트,와이드 릴리즈(주)",주식회사 컨텐츠썬,2021-06-,개봉영화,장편,일본,155,,854,,422,드라마,12세이상관람가,독립/예술영화
95,레일로드 워,장성,,(주)엔케이컨텐츠,(주)디스테이션,2021-06-,개봉영화,장편,중국,45,,832,,252,액션,12세이상관람가,독립/예술영화
96,흩어진 밤,"이지형,김솔","(주)타이거시네마,DGC",,영화배급협동조합 씨네소파,2021-06-,개봉영화,장편,한국,49,,808,,183,드라마,전체관람가,독립/예술영화
97,자메이카의 소울: 이나 데 야드,피터 웨버,,(주)엣나인필름,(주)엣나인필름,2021-07-,개봉영화,장편,프랑스,12,,789,,488,다큐멘터리,12세이상관람가,독립/예술영화
98,피어 오브 레인,,,(주)누리픽쳐스,(주)누리픽쳐스,2021-07-,개봉영화,장편,미국,47,,780,,242,드라마,15세이상관람가,일반영화
99,어른들은 몰라요,이환,(주)돈키호테엔터테인먼트,,(주)리틀빅픽쳐스,2021-04-,개봉영화,장편,한국,209,,778,,778,드라마,청소년관람불가,독립/예술영화
100,좀비크러쉬: 헤이리,장현상,GATE6,,필름다빈,2021-06-,개봉영화,장편,한국,23,,726,,282,코미디,15세이상관람가,독립/예술영화
101,극장판 콩순이: 장난감나라 대모험,이선명,(주)모꼬지,,(주)넥스트엔터테인먼트월드(NEW),2021-05-,개봉영화,장편,한국,690,,722,,370,애니메이션,전체관람가,독립/예술영화
102,클라이밍,김혜미,한국영화아카데미,,(주)트리플픽쳐스,2021-06-,개봉영화,장편,한국,110,,718,,681,애니메이션,15세이상관람가,독립/예술영화
103,열아홉,우경희,K'arts,,(주)리틀빅픽쳐스,2021-06-,개봉영화,장편,한국,26,,633,,401,드라마,15세이상관람가,독립/예술영화
104,아야와 마녀,미야자키 고로,,대원미디어(주),(주)리틀빅픽쳐스,2021-06-,개봉영화,장편,일본,362,,598,,235,애니메이션,전체관람가,일반영화
105,청춘선거,민환기,오프 램프,,아이 엠,2021-06-,개봉영화,장편,한국,27,,550,,111,다큐멘터리,12세이상관람가,독립/예술영화
106,그레타 툰베리,나탄 그로스만,,(주)영화사 진진,(주)영화사 진진,2021-06-,개봉영화,장편,미국,30,,525,,323,다큐멘터리,전체관람가,독립/예술영화
107,미션 임파서블: 루벤,밀로라드 크르스틱,,주식회사 더쿱,예지림엔터테인먼트,2021-07-,개봉영화,장편,헝가리,26,,502,,255,애니메이션,15세이상관람가,독립/예술영화
108,화이트 온 화이트,,,대성필름,"대성필름,시네마 뉴원",2021-06-,개봉영화,장편,스페인,34,,494,,47,드라마,12세이상관람가,독립/예술영화
109,더 나이트,,,브릿지웍스 엔터테인먼트(주),와이드 릴리즈(주),2021-07-,개봉영화,장편,기타,25,,490,,265,공포(호러),15세이상관람가,독립/예술영화
110,"식물카페, 온정",최창환,매치컷(주),,매치컷(주),2021-06-,개봉영화,장편,한국,19,,475,,100,기타,전체관람가,독립/예술영화
111,숏버스 감성행,"강인석,안다훈,박경진",(주)퍼니콘,,"언더식스티,(주)퍼니콘",2021-08-,개봉영화,옴니버스,한국,14,,464,,297,멜로/로맨스,12세이상관람가,독립/예술영화
112,더 레치드: 악령의 저주,,,주식회사 루믹스미디어,(주)드림팩트엔터테인먼트,2021-07-,개봉영화,장편,미국,19,,433,,108,판타지,15세이상관람가,일반영화
113,파이프라인,유하,(주)곰픽쳐스,,"메가박스중앙(주)플러스엠,(주)리틀빅픽쳐스",2021-05-,개봉영화,장편,한국,777,,424,,9,범죄,15세이상관람가,일반영화
114,뜨거운 밤이 열리면2,김민수,R&R 프로덕션,,R&R 프로덕션,2021-07-,개봉영화,장편,한국,20,,400,,200,성인물(에로),청소년관람불가,일반영화
115,플래시백,,,판씨네마(주),판씨네마(주),2021-06-,개봉영화,장편,캐나다,145,,386,,194,드라마,15세이상관람가,독립/예술영화
116,캐논볼,정승민,디포커스필름,,(주)이놀미디어,2021-08-,개봉영화,장편,한국,12,,349,,282,드라마,12세이상관람가,독립/예술영화
117,뮤턴트 워,제임스 마크,,주식회사 풍경소리,주식회사 풍경소리,2021-07-,개봉영화,장편,캐나다,5,,340,,140,SF,15세이상관람가,독립/예술영화
118,아메리칸 히트맨,커크 코우테,,(주)씨네마블랙,(주)씨네마블랙,2021-07-,개봉영화,장편,캐나다,5,,340,,140,액션,청소년관람불가,독립/예술영화
119,트리거 포인트,브래드 터너,,(주)타임앤드스페이스,(주)타임앤드스페이스,2021-07-,개봉영화,장편,캐나다,5,,340,,140,액션,15세이상관람가,독립/예술영화
120,뱅퀴시,조지 갈로,,,(주)까멜리아이엔티,2021-06-,개봉영화,장편,미국,48,,330,,330,액션,15세이상관람가,일반영화
121,인트로덕션,홍상수,(주)영화제작전원사,,"(주)영화제작전원사 ,(주)콘텐츠판다",2021-05-,개봉영화,장편,한국,91,,325,,312,기타,12세이상관람가,독립/예술영화
122,부활: 그 증거,김상철,파이오니아21,,(주)영화사 진진,2020-10-,개봉영화,장편,한국,111,,315,,211,다큐멘터리,전체관람가,독립/예술영화
123,까치발,권우정,다큐이야기,,(주)시네마달,2021-06-,개봉영화,장편,한국,27,,314,,18,다큐멘터리,12세이상관람가,독립/예술영화
124,배달의 목적,이우민,(주)로드하우스,,노바엔터테인먼트,2021-07-,개봉영화,장편,한국,20,,308,,142,멜로/로맨스,청소년관람불가,일반영화
125,사보타지 1941,,,(주)박수엔터테인먼트,(주)박수엔터테인먼트,2021-08-,개봉영화,장편,러시아,5,,300,,220,드라마,15세이상관람가,독립/예술영화
126,카발레리아 루스티카나,,,일미디어,일미디어,2021-07-,개봉영화,장편,이탈리아,9,,274,,126,공연,12세이상관람가,일반영화
127,올리버 색스: 그의 생애,릭 번스,,,하준사,2021-08-,개봉영화,장편,미국,9,,273,,195,다큐멘터리,12세이상관람가,독립/예술영화
128,페이블,에구치 칸,,(주)미디어캐슬,"(주)콘텐츠판다,쇼치쿠",2021-07-,개봉영화,장편,일본,5,,269,,245,코미디,15세이상관람가,독립/예술영화
129,어린자매의 유혹,이우민,(주)로드하우스,,노바엔터테인먼트,2021-08-,개봉영화,장편,한국,20,,268,,81,멜로/로맨스,청소년관람불가,일반영화
130,포이즌 로즈,"조지 갈로,프란체스코 친퀘마니",,주식회사 더쿱,예지림엔터테인먼트,2021-07-,개봉영화,장편,미국,14,,247,,141,스릴러,15세이상관람가,독립/예술영화
131,저승보다 낯선,여균동,우사유필름,,(주)스튜디오 보난자,2021-06-,개봉영화,장편,한국,9,,233,,177,드라마,15세이상관람가,독립/예술영화
132,가족은 괴로워3: 아내여 장미처럼,야마다 요지,,(주)미디어캐슬,(주)미디어캐슬,2021-08-,개봉영화,장편,일본,4,,207,,27,드라마,전체관람가,독립/예술영화
133,프로페서 앤 매드맨,P.B. 셰므란,,그린나래미디어(주),그린나래미디어(주),2021-06-,개봉영화,장편,미국,320,,192,,132,드라마,15세이상관람가,독립/예술영화
134,신해석 삼국지,후쿠다 유이치,,(주)미디어캐슬,"(주)리틀빅픽쳐스,(주)레드로버",2021-06-,개봉영화,장편,일본,17,,178,,170,코미디,12세이상관람가,독립/예술영화
135,숲의 비명 : 사라진 사람들,전혜림,"(주)트리필름,(주)포레스트필름",,(주)트리필름,2021-08-,개봉영화,장편,한국,6,,171,,106,공포(호러),15세이상관람가,독립/예술영화
136,"그 여름, 가장 차가웠던",주순,,(주)싸이더스,"(주)싸이더스,찬란",2021-06-,개봉영화,장편,중국,102,,164,,103,드라마,15세이상관람가,독립/예술영화
137,슈퍼딥,,,,주식회사 루믹스미디어,2021-08-,개봉영화,장편,러시아,5,,152,0,0,공포(호러),15세이상관람가,독립/예술영화
138,강호아녀,지아 장 커,,(주)에스와이코마드,(주)에스와이코마드,2021-06-,개봉영화,장편,프랑스,45,,144,,110,드라마,15세이상관람가,독립/예술영화
139,캐시트럭,가이 리치,,(유)조이앤시네마,"(주)스튜디오 산타클로스엔터테인먼트,(주)제이앤씨미디어그룹",2021-06-,개봉영화,장편,미국,938,,142,,120,액션,청소년관람불가,일반영화
140,배틀 크랙,존 슈이츠,,(주)이놀미디어,(주)이놀미디어,2021-07-,개봉영화,장편,미국,5,,140,,40,SF,15세이상관람가,일반영화
141,에이리,오오토모 케이시,,(주)미디어캐슬,(주)미디어캐슬,2021-07-,개봉영화,장편,일본,4,,130,,107,미스터리,15세이상관람가,독립/예술영화
142,켈리 갱,저스틴 커젤,,오드,오드,2021-08-,개봉영화,장편,호주,9,,127,,98,범죄,15세이상관람가,독립/예술영화
143,허리 고 라운드,,,,(주)미디어캐슬,2021-07-,개봉영화,장편,일본,4,,122,,115,다큐멘터리,15세이상관람가,독립/예술영화
144,사제로부터 온 편지,최종태,(주)영화사소요,,(주)드림팩트엔터테인먼트,2021-08-,개봉영화,장편,한국,4,,118,,19,다큐멘터리,전체관람가,독립/예술영화
145,내겐 너무 소중한 너,"이창원,권성모",(주)파인스토리,,(주)파인스토리,2021-05-,개봉영화,장편,한국,449,,116,0,0,드라마,12세이상관람가,독립/예술영화
146,더 데빌,이지나,씨제이 씨지브이(CJ CGV)(주),,CGV ICECON,2021-06-,개봉영화,장편,한국,19,,104,,104,뮤지컬,15세이상관람가,일반영화
147,고추와 바나나,핑크라이더,비스킷미디어,,(주)메이크아트,2021-08-,개봉영화,장편,한국,5,,100,,20,드라마,청소년관람불가,일반영화
148,대테러부대: 팀 울프,알페르 카글라,,(주)액티버스엔터테인먼트,(주)액티버스엔터테인먼트,2021-08-,개봉영화,장편,기타,5,,100,,20,전쟁,15세이상관람가,독립/예술영화
149,동거인의 아내,리차드 킴,(주)룬컴퍼니,,(주)룬컴퍼니,2021-08-,개봉영화,장편,한국,5,,100,,20,성인물(에로),청소년관람불가,일반영화
150,복호무송,,,(주)액티버스엔터테인먼트,(주)액티버스엔터테인먼트,2021-07-,개봉영화,장편,중국,5,,100,,20,액션,12세이상관람가,독립/예술영화
151,블룸 업: 스와핑,마우로 루소 루즈,,(주)액티버스엔터테인먼트,(주)액티버스엔터테인먼트,2021-08-,개봉영화,장편,미국,5,,100,,20,다큐멘터리,청소년관람불가,독립/예술영화
152,아웃브레이크,,,(주)액티버스엔터테인먼트,비케이 시네윈,2021-07-,개봉영화,장편,캐나다,5,,100,,20,스릴러,15세이상관람가,독립/예술영화
153,일루셔니스트,,,(주)액티버스엔터테인먼트,비케이 시네윈,2021-08-,개봉영화,장편,중국,5,,100,,20,액션,12세이상관람가,독립/예술영화
154,일탈아내,리차드 킴,(주)룬컴퍼니,,(주)룬컴퍼니,2021-07-,개봉영화,장편,한국,5,,100,,20,성인물(에로),청소년관람불가,일반영화
155,보통날,"김예나,박규은,이미소",주식회사 씨엠닉스,,주식회사 씨엠닉스,2021-07-,개봉영화,장편,한국,1,,98,,98,드라마,15세이상관람가,독립/예술영화
156,굴뚝마을의 푸펠,,,(주)미디어캐슬,"(주)리틀빅픽쳐스,(주)레드로버",2021-05-,개봉영화,장편,일본,250,,85,,32,애니메이션,전체관람가,일반영화
157,너는 저편에,세나 요시노부,,,"(주)영진크리에이티브,(주)다날엔터테인먼트",2021-07-,개봉영화,장편,일본,5,,80,,70,애니메이션,전체관람가,독립/예술영화
158,애플,크리스토스 니코우,,주식회사 모쿠슈라픽쳐스,(주)다자인소프트,2021-05-,개봉영화,장편,기타,85,,68,,51,드라마,12세이상관람가,독립/예술영화
159,교회누나랑 첫 여자,김성현,(주)담화,,(주)담화,2021-08-,개봉영화,장편,한국,1,,60,,60,성인물(에로),청소년관람불가,일반영화
160,꽃장사 무삭제,윤경식,(주)가온콘텐츠,,(주)가온콘텐츠,2021-07-,개봉영화,장편,한국,1,,60,,60,멜로/로맨스,청소년관람불가,일반영화
161,날 젖혀버린 새아들,,,,(주)픽쳐레스크,2021-08-,개봉영화,장편,일본,1,,60,,60,멜로/로맨스,청소년관람불가,일반영화
162,넣어준 관리인,나기라 겐조,,,(주)라온컴퍼니플러스,2021-08-,개봉영화,장편,일본,1,,60,,60,멜로/로맨스,청소년관람불가,일반영화
163,논두렁 엘프,캡틴김,(주)담화,,(주)담화,2021-07-,개봉영화,장편,한국,1,,60,,60,성인물(에로),청소년관람불가,일반영화
164,돌려쓰기,이지훈,(주)담화,,(주)담화,2021-08-,개봉영화,장편,한국,1,,60,,60,성인물(에로),청소년관람불가,일반영화
165,때려야 싼다 무삭제,윤경식,(주)가온콘텐츠,,(주)가온콘텐츠,2021-07-,개봉영화,장편,한국,1,,60,,60,멜로/로맨스,청소년관람불가,일반영화
166,만족한 유부녀,아나콘다 아나키,,,(주)픽쳐레스크,2021-07-,개봉영화,장편,일본,1,,60,,60,멜로/로맨스,청소년관람불가,일반영화
167,맛좋은 소꿉친구,에로핑,(주)라온컴퍼니플러스,,(주)가온콘텐츠,2021-07-,개봉영화,장편,한국,1,,60,,60,멜로/로맨스,청소년관람불가,일반영화
168,몬스터 : 어둠 속의 살인,,,,(주)라온컴퍼니플러스,2021-07-,개봉영화,장편,미국,1,,60,,60,공포(호러),청소년관람불가,일반영화
169,발정난 아내의 불륜,,,,(주)픽쳐레스크,2021-07-,개봉영화,장편,일본,1,,60,,60,멜로/로맨스,청소년관람불가,일반영화
170,발정난 전업주부,,,,(주)라온컴퍼니플러스,2021-07-,개봉영화,장편,일본,1,,60,,60,멜로/로맨스,청소년관람불가,일반영화
171,불쾌한 섹스,류타,,,(주)라온컴퍼니플러스,2021-08-,개봉영화,장편,일본,1,,60,,60,멜로/로맨스,청소년관람불가,일반영화
172,상애상친 : 여자 이야기,장애가,,,(주)라온컴퍼니플러스,2021-07-,개봉영화,장편,중국,1,,60,,60,드라마,12세이상관람가,일반영화
173,성스러운 아내,나기라 겐조,,,(주)라온컴퍼니플러스,2021-07-,개봉영화,장편,일본,1,,60,,60,멜로/로맨스,청소년관람불가,일반영화
174,성욕터진 유부녀,아나콘다 아나키,,,(주)라온컴퍼니플러스,2021-07-,개봉영화,장편,일본,1,,60,,60,멜로/로맨스,청소년관람불가,일반영화
175,수상한 가정부 무삭제,윤경식,(주)가온콘텐츠,,(주)가온콘텐츠,2021-07-,개봉영화,장편,한국,1,,60,,60,멜로/로맨스,청소년관람불가,일반영화
176,스토퀸,에로핑,(주)라온컴퍼니플러스,,(주)가온콘텐츠,2021-07-,개봉영화,장편,한국,1,,60,,60,멜로/로맨스,청소년관람불가,일반영화
177,시트적신 여기사,나기라 겐조,,,(주)라온컴퍼니플러스,2021-07-,개봉영화,장편,일본,1,,60,,60,멜로/로맨스,청소년관람불가,일반영화
178,싸버린 관리인,아나콘다 아나키,,,(주)라온컴퍼니플러스,2021-07-,개봉영화,장편,일본,1,,60,,60,멜로/로맨스,청소년관람불가,일반영화
179,아이돌 승하의 19금 AV를 찍자,김호,(주)디어프로덕션,,(주)디어프로덕션,2021-07-,개봉영화,장편,한국,1,,60,,60,멜로/로맨스,청소년관람불가,일반영화
180,애욕의 사정공간,나기라 겐조,,,(주)라온컴퍼니플러스,2021-08-,개봉영화,장편,일본,1,,60,,60,멜로/로맨스,청소년관람불가,일반영화
181,여동생 미식회 무삭제판,아나콘다 아나키,,,(주)라온컴퍼니플러스,2021-08-,개봉영화,장편,일본,1,,60,,60,멜로/로맨스,청소년관람불가,일반영화
182,열려버린 조리개,류타,,,(주)라온컴퍼니플러스,2021-07-,개봉영화,장편,일본,1,,60,,60,멜로/로맨스,청소년관람불가,일반영화
183,오피스 섹스 2021,김호,(주)디어프로덕션,,(주)디어프로덕션,2021-07-,개봉영화,장편,한국,1,,60,,60,멜로/로맨스,청소년관람불가,일반영화
184,욕망의 스토킹,나기라 겐조,,,(주)라온컴퍼니플러스,2021-07-,개봉영화,장편,일본,1,,60,,60,멜로/로맨스,청소년관람불가,일반영화
185,욕정 다이어리 : 에로부부,,,,(주)라온컴퍼니플러스,2021-07-,개봉영화,장편,일본,1,,60,,60,멜로/로맨스,청소년관람불가,일반영화
186,용의자 섹스의 헌신,아나콘다 아나키,,,(주)라온컴퍼니플러스,2021-07-,개봉영화,장편,일본,1,,60,,60,멜로/로맨스,청소년관람불가,일반영화
187,용의자 섹스의 헌신 무삭제판,아나콘다 아나키,,,(주)라온컴퍼니플러스,2021-08-,개봉영화,장편,일본,1,,60,,60,멜로/로맨스,청소년관람불가,일반영화
188,위험한 삼촌들2 무삭제판,양호열,(주)라온컴퍼니플러스,,(주)가온콘텐츠,2021-07-,개봉영화,장편,한국,1,,60,,60,멜로/로맨스,청소년관람불가,일반영화
189,유부녀의 사육,나기라 겐조,,,(주)라온컴퍼니플러스,2021-08-,개봉영화,장편,일본,1,,60,,60,멜로/로맨스,청소년관람불가,일반영화
190,은밀한 묘약 : 그녀의 치료법,,,,(주)픽쳐레스크,2021-08-,개봉영화,장편,미국,1,,60,,60,멜로/로맨스,청소년관람불가,일반영화
191,음란 며느리의 젖몸살 무삭제판,아나콘다 아나키,,,(주)라온컴퍼니플러스,2021-08-,개봉영화,장편,일본,1,,60,,60,멜로/로맨스,청소년관람불가,일반영화
192,음욕 사촌동생,테이 쟈가,,,(주)라온컴퍼니플러스,2021-08-,개봉영화,장편,일본,1,,60,,60,멜로/로맨스,청소년관람불가,일반영화
193,자매덮밥: 처제사냥,남정호,(주)담화,,(주)담화,2021-08-,개봉영화,장편,한국,1,,60,,60,성인물(에로),청소년관람불가,일반영화
194,절정 맛 본 와이프,,,,(주)픽쳐레스크,2021-08-,개봉영화,장편,일본,1,,60,,60,멜로/로맨스,청소년관람불가,일반영화
195,카섹-직장인 버전,미시마 로쿠사부로,,,(주)픽쳐레스크,2021-08-,개봉영화,장편,일본,1,,60,,60,멜로/로맨스,청소년관람불가,일반영화
196,쾌락 : 나를 적신 그놈,나기라 겐조,,,(주)라온컴퍼니플러스,2021-07-,개봉영화,장편,일본,1,,60,,60,멜로/로맨스,청소년관람불가,일반영화
197,크게 만족한 아내,나기라 겐조,,,(주)라온컴퍼니플러스,2021-07-,개봉영화,장편,일본,1,,60,,60,멜로/로맨스,청소년관람불가,일반영화
198,크리스마스 괴담 : 4가지 이야기,제레미 버그,,,(주)라온컴퍼니플러스,2021-07-,개봉영화,장편,미국,1,,60,,60,공포(호러),청소년관람불가,일반영화
199,판타지 왁싱샵,Mr.나,(주)픽쳐레스크,,(주)픽쳐레스크,2021-08-,개봉영화,장편,한국,1,,60,,60,멜로/로맨스,청소년관람불가,일반영화
200,한지붕 세가족2 무삭제판,양호열,(주)라온컴퍼니플러스,,(주)가온콘텐츠,2021-07-,개봉영화,장편,한국,1,,60,,60,멜로/로맨스,청소년관람불가,일반영화
201,한지붕 세가족3 무삭제판,양호열,(주)라온컴퍼니플러스,,(주)가온콘텐츠,2021-07-,개봉영화,장편,한국,1,,60,,60,멜로/로맨스,청소년관람불가,일반영화
202,소울,피트 닥터,"월트 디즈니 픽쳐스,픽사 애니메이션 스튜디오",월트디즈니컴퍼니코리아 유한책임회사,월트디즈니컴퍼니코리아 유한책임회사,2021-01-,개봉영화,장편,미국,,,58,0,0,애니메이션,전체관람가,일반영화
203,영면,"이승호,서오름,방성훈,이세영",주식회사 씨엠닉스,,주식회사 씨엠닉스,2021-07-,개봉영화,장편,한국,1,,57,,57,드라마,12세이상관람가,독립/예술영화
204,데이팅 앰버,데이빗 프레인,,주식회사 왓챠,주식회사 왓챠,2021-06-,개봉영화,장편,기타,33,,55,,55,코미디,15세이상관람가,독립/예술영화
205,아이들은 즐겁다,이지원,(주)영화사울림,,"메가박스중앙(주)플러스엠,(주)영화사울림",2021-05-,개봉영화,장편,한국,445,,50,,13,드라마,전체관람가,독립/예술영화
206,혼자 사는 사람들,홍성은,한국영화아카데미,,주식회사 더쿱,2021-05-,개봉영화,장편,한국,159,,49,,16,드라마,12세이상관람가,독립/예술영화
207,마네킹,김문옥,스마일픽쳐스,,스마일픽쳐스,2021-07-,개봉영화,장편,한국,1,,46,,46,공포(호러),15세이상관람가,독립/예술영화
208,치와와,,,(주)미디어캐슬,(주)미디어캐슬,2021-07-,개봉영화,장편,일본,2,,45,,42,범죄,청소년관람불가,독립/예술영화
209,음악,,,,(주)미디어캐슬,2021-07-,개봉영화,장편,일본,4,,40,,39,애니메이션,12세이상관람가,독립/예술영화
210,도라에몽: 스탠바이미 2,야기 류이치,,대원미디어(주),(주)스마일이엔티,2021-05-,개봉영화,장편,일본,631,,36,0,0,애니메이션,전체관람가,일반영화
211,더 배니싱,크리스토퍼 스미스,,주식회사 디에스이이디,주식회사 디에스이이디,2021-06-,개봉영화,장편,영국,5,,32,,21,공포(호러),15세이상관람가,독립/예술영화
212,폭력의 그림자,,,(주)디오시네마,(주)디오시네마,2021-06-,개봉영화,장편,영국,33,,27,,8,범죄,청소년관람불가,독립/예술영화
213,쿠사마 야요이: 무한의 세계,,,오드,오드,2021-05-,개봉영화,장편,미국,38,,25,,25,다큐멘터리,전체관람가,독립/예술영화
214,파리의 별빛 아래,클로스 드렉셀,,판씨네마(주),판씨네마(주),2021-05-,개봉영화,장편,프랑스,34,,23,,23,드라마,전체관람가,독립/예술영화
215,더 드라이버,위치 카오새야난다,,,(주)엘케이픽쳐스,2021-08-,개봉영화,장편,미국,1,,20,0,0,공포(호러),15세이상관람가,일반영화
216,드래곤 솔져,행크 브랙스톤,,,주식회사 풍경소리,2021-08-,개봉영화,장편,미국,1,,20,0,0,판타지,15세이상관람가,일반영화
217,리벤지 오브 인사이트,"리비 쳉,켄 쳉",,(주)싸이더스,(주)싸이더스,2021-08-,개봉영화,장편,미국,1,,20,0,0,액션,15세이상관람가,일반영화
218,별장하녀들 무삭제,패콘,주식회사 패콘,,(주)룬컴퍼니,2021-08-,개봉영화,장편,한국,1,,20,0,0,성인물(에로),청소년관람불가,일반영화
219,불륜 유부녀와 음란한 노처녀,강현성,(주)샤이커뮤니케이션즈,,(주)샤이커뮤니케이션즈,2021-08-,개봉영화,장편,한국,1,,20,0,0,성인물(에로),청소년관람불가,일반영화
220,비커밍 아스트리드,퍼닐 피셔 크리스텐센,,알토미디어(주),알토미디어(주),2021-05-,개봉영화,장편,기타,70,,20,,20,드라마,15세이상관람가,독립/예술영화
221,어댑테이션,김정민,주식회사 플릭스코,,주식회사 플릭스코,2021-08-,개봉영화,장편,한국,1,,20,0,0,기타,15세이상관람가,독립/예술영화
222,유부녀와 여대생의 섹스 촬영,강현성,(주)샤이커뮤니케이션즈,,(주)샤이커뮤니케이션즈,2021-08-,개봉영화,장편,한국,1,,20,0,0,성인물(에로),청소년관람불가,일반영화
223,일곱 여자의 섹스 동영상,강현성,(주)샤이커뮤니케이션즈,,(주)샤이커뮤니케이션즈,2021-08-,개봉영화,장편,한국,1,,20,0,0,성인물(에로),청소년관람불가,일반영화
224,첫사랑 무삭제,이시영,(주)룬컴퍼니,,(주)룬컴퍼니,2021-08-,개봉영화,장편,한국,1,,20,0,0,성인물(에로),청소년관람불가,일반영화
225,킬러 대물 VS 건달 대물,강현성,(주)샤이커뮤니케이션즈,,(주)샤이커뮤니케이션즈,2021-08-,개봉영화,장편,한국,1,,20,0,0,성인물(에로),청소년관람불가,일반영화
226,분수터진 새엄마 유우코,코지마 유키오,,,(주)도키엔터테인먼트,2021-07-,개봉영화,장편,일본,1,,18,0,0,성인물(에로),청소년관람불가,일반영화
227,사랑따윈 필요없어-개그맨커플,코지마 유키오,,,(주)도키엔터테인먼트,2021-07-,개봉영화,장편,일본,1,,18,0,0,성인물(에로),청소년관람불가,일반영화
228,사랑인가 바,민채연,유한회사 영화사 반딧불,,유한회사 영화사 반딧불,2021-08-,개봉영화,장편,한국,5,,18,,2,멜로/로맨스,12세이상관람가,독립/예술영화
229,설마 이런곳에서 좋아하던 그녀와,니시다 류지,,,(주)도키엔터테인먼트,2021-07-,개봉영화,장편,일본,1,,18,0,0,성인물(에로),청소년관람불가,일반영화
230,성인이 된 동창생 사세코,타케호라 테츠야,,,(주)도키엔터테인먼트,2021-07-,개봉영화,장편,일본,1,,18,0,0,성인물(에로),청소년관람불가,일반영화
231,알몸으로 피아노치는 여대생,니시다 류지,,,(주)도키엔터테인먼트,2021-07-,개봉영화,장편,일본,1,,18,0,0,성인물(에로),청소년관람불가,일반영화
232,여친 엄마의 마사지에 터진 성욕,시로가와 노부,,,(주)도키엔터테인먼트,2021-07-,개봉영화,장편,일본,1,,18,0,0,성인물(에로),청소년관람불가,일반영화
233,여친이 스폰을 받은 돈으로,니시다 류지,,,(주)도키엔터테인먼트,2021-07-,개봉영화,장편,일본,1,,18,0,0,성인물(에로),청소년관람불가,일반영화
234,연상의 처형 히토미의 치마속으로,코지마 유키오,,,(주)도키엔터테인먼트,2021-07-,개봉영화,장편,일본,1,,18,0,0,성인물(에로),청소년관람불가,일반영화
235,욕실문을 열었더니 남자가 있었다,니시다 류지,,,(주)도키엔터테인먼트,2021-07-,개봉영화,장편,일본,1,,18,0,0,성인물(에로),청소년관람불가,일반영화
236,유부녀 간호사의 오르가즘,니시다 류지,,,(주)도키엔터테인먼트,2021-07-,개봉영화,장편,일본,1,,18,0,0,성인물(에로),청소년관람불가,일반영화
237,유부녀 간호사의 지스팟,니시다 류지,,,(주)도키엔터테인먼트,2021-07-,개봉영화,장편,일본,1,,18,0,0,성인물(에로),청소년관람불가,일반영화
238,도신-천하지독존,,,,(유)조이앤시네마,2021-08-,개봉영화,장편,홍콩,8,,16,,2,액션,15세이상관람가,독립/예술영화
239,몽키킹5 절대신공,,,,(유)조이앤시네마,2021-07-,개봉영화,장편,홍콩,8,,16,,2,판타지,12세이상관람가,일반영화
240,"무순, 세상을 가로질러",남승석,올록볼록 영화사,,영화배급협동조합 씨네소파,2021-04-,개봉영화,장편,한국,17,,14,0,0,다큐멘터리,전체관람가,독립/예술영화
241,#위왓치유,"바르보라 차르포바,비트 클루삭",,,찬란,2021-06-,개봉영화,장편,기타,38,,14,,7,다큐멘터리,청소년관람불가,독립/예술영화
242,정사: 서로 다른 욕망,,,,(유)조이앤시네마,2021-08-,개봉영화,장편,기타,5,,10,,2,코미디,청소년관람불가,독립/예술영화
243,사랑방 손님,최환,(주)케이알씨지,,(주)케이알씨지,2021-08-,개봉영화,장편,한국,8,,8,,1,멜로/로맨스,청소년관람불가,일반영화
244,스쿨 오브 락(樂),강호준,(주)콘텐츠나무,,(주)드림팩트엔터테인먼트,2021-05-,개봉영화,장편,한국,7,,8,,8,다큐멘터리,전체관람가,독립/예술영화
245,위험한 덫,이동현,(주)디에이치미디어,,(주)케이알씨지,2021-07-,개봉영화,장편,한국,8,,8,,1,멜로/로맨스,청소년관람불가,일반영화
246,위험한 처제,신효성,(주)케이알씨지,,(주)케이알씨지,2021-07-,개봉영화,장편,한국,8,,8,,1,멜로/로맨스,청소년관람불가,일반영화
247,젊은엄마 리부트,맹진사,유한회사 영화사 반딧불,,유한회사 영화사 반딧불,2021-08-,개봉영화,장편,한국,5,,6,0,0,성인물(에로),청소년관람불가,일반영화
248,포겟 미 낫-엄마에게 쓰는 편지,신선희,(주)민치앤필름,,커넥트픽쳐스(주),2021-06-,개봉영화,장편,한국,33,,6,,6,다큐멘터리,12세이상관람가,독립/예술영화
249,내로남불2:형수는 내 여자,윤준세,(주)영진크리에이티브,,(주)영진크리에이티브,2021-08-,개봉영화,장편,한국,5,,5,0,0,멜로/로맨스,청소년관람불가,일반영화
250,놀러오세요 201호에,이희성,(주)영진크리에이티브,,(주)영진크리에이티브,2021-08-,개봉영화,장편,한국,5,,5,0,0,멜로/로맨스,청소년관람불가,일반영화
251,사위는 내 남친,윤준세,(주)영진크리에이티브,,(주)영진크리에이티브,2021-07-,개봉영화,장편,한국,5,,5,0,0,멜로/로맨스,청소년관람불가,일반영화
252,애로남녀 실제정사,김준식,(주)로드하우스,,노바엔터테인먼트,2021-07-,개봉영화,장편,한국,5,,5,,2,멜로/로맨스,청소년관람불가,일반영화
253,가슴큰간병인-특별한서비스,천성준,에이원 미디어,,에이원 미디어,2021-07-,개봉영화,장편,한국,1,,1,0,0,멜로/로맨스,청소년관람불가,일반영화
254,간병인의 황제서비스,카네코 지로,,,(주)영진크리에이티브,2021-08-,개봉영화,장편,일본,1,,1,0,0,멜로/로맨스,청소년관람불가,일반영화
255,개그 더 크라운,,,,컴퍼니 엘론(주),2021-07-,개봉영화,장편,미국,1,,1,0,0,코미디,15세이상관람가,일반영화
256,까진 친구 이모,사루,,,(주)코빈커뮤니케이션즈,2021-08-,개봉영화,장편,일본,1,,1,0,0,성인물(에로),청소년관람불가,일반영화
257,꽃꽂이 교실:깊숙이 꽂아주세요,아카바네 키쿠지로,,,(주)영진크리에이티브,2021-08-,개봉영화,장편,일본,1,,1,0,0,멜로/로맨스,청소년관람불가,일반영화
258,나쁜 장모의 유혹,사루,,(주)코빈커뮤니케이션즈,(주)코빈커뮤니케이션즈,2021-07-,개봉영화,장편,일본,1,,1,0,0,성인물(에로),청소년관람불가,일반영화
259,내 아내의 언니 4,조태호,(주)영화사가을,,(주)영화사가을,2021-07-,개봉영화,장편,한국,1,,1,0,0,멜로/로맨스,청소년관람불가,일반영화
260,내 학생의 엄마 5 무삭제,조태호,(주)영화사가을,,(주)영화사가을,2021-07-,개봉영화,장편,한국,1,,1,0,0,멜로/로맨스,청소년관람불가,일반영화
261,너무 어린 며느리,버드맨 텟페이,,,(주)영진크리에이티브,2021-07-,개봉영화,장편,일본,1,,1,0,0,멜로/로맨스,청소년관람불가,일반영화
262,농익은 맛:새엄마와 장모님,히이라기 엔부,,,(주)영진크리에이티브,2021-07-,개봉영화,장편,일본,1,,1,0,0,멜로/로맨스,청소년관람불가,일반영화
263,다 해주는 가정교사,카와노 고우시,,,(주)박수엔터테인먼트,2021-07-,개봉영화,장편,일본,1,,1,0,0,드라마,청소년관람불가,일반영화
264,대리 아내,,,,(주)코빈커뮤니케이션즈,2021-07-,개봉영화,장편,일본,1,,1,0,0,성인물(에로),청소년관람불가,일반영화
265,대물에 순종하는 아내,유키히로 나스,,,(주)영진크리에이티브,2021-08-,개봉영화,장편,일본,1,,1,0,0,멜로/로맨스,청소년관람불가,일반영화
266,도시 여자의 맛,이시카와 지로,,,(주)박수엔터테인먼트,2021-07-,개봉영화,장편,일본,1,,1,0,0,드라마,청소년관람불가,일반영화
267,리본,줄리안 리처드,,,컴퍼니 엘론(주),2021-07-,개봉영화,장편,미국,1,,1,0,0,공포(호러),15세이상관람가,일반영화
268,만취녀:참지 말고 먹어요,버드맨 텟페이,,,(주)영진크리에이티브,2021-08-,개봉영화,장편,일본,1,,1,0,0,멜로/로맨스,청소년관람불가,일반영화
269,만취섹스:벗고 보는 옆집여자,버드맨 텟페이,,,(주)영진크리에이티브,2021-07-,개봉영화,장편,일본,1,,1,0,0,멜로/로맨스,청소년관람불가,일반영화
270,며느리 : 배꼽 맞춘 날,김환,(주)영화사가을,,(주)영화사가을,2021-08-,개봉영화,장편,한국,1,,1,0,0,멜로/로맨스,청소년관람불가,일반영화
271,몸매 좋은 그녀 맛보기,아라시야마 미치루,,,(주)빅콘미디어,2021-07-,개봉영화,장편,일본,1,,1,0,0,성인물(에로),청소년관람불가,일반영화
272,물 많은 제수씨,스이세이 아카이,,,(주)영진크리에이티브,2021-08-,개봉영화,장편,일본,1,,1,0,0,멜로/로맨스,청소년관람불가,일반영화
273,미호의 섹스 스캔들,이로운,(주)영화사히트,,(주)영화사히트,2021-07-,개봉영화,장편,한국,1,,1,0,0,드라마,청소년관람불가,일반영화
274,밀애 : 외로운 형수 무삭제,신우찬,(주)영화사가을,,(주)영화사가을,2021-08-,개봉영화,장편,한국,1,,1,0,0,멜로/로맨스,청소년관람불가,일반영화
275,바람난 가족들,이로운,(주)영화사히트,,(주)영화사히트,2021-08-,개봉영화,장편,한국,1,,1,0,0,드라마,청소년관람불가,일반영화
276,바람난 아내들의 질펀한 오후,아카바네 키쿠지로,,,(주)영진크리에이티브,2021-07-,개봉영화,장편,일본,1,,1,0,0,멜로/로맨스,청소년관람불가,일반영화
277,"발정기 그녀들, 여기에 쏴주세요",사노 B사쿠,,,(주)영진크리에이티브,2021-07-,개봉영화,장편,일본,1,,1,0,0,멜로/로맨스,청소년관람불가,일반영화
278,발정나 몸바치는 유부녀들,아카바네 키쿠지로,,,(주)영진크리에이티브,2021-07-,개봉영화,장편,일본,1,,1,0,0,멜로/로맨스,청소년관람불가,일반영화
279,밝히는자매들-무삭제,신민철,스마일컨텐츠,,스마일컨텐츠,2021-08-,개봉영화,장편,한국,1,,1,0,0,멜로/로맨스,청소년관람불가,일반영화
280,방문 판매원의 기막힌 스킬,아카바네 키쿠지로,,,(주)영진크리에이티브,2021-08-,개봉영화,장편,일본,1,,1,0,0,멜로/로맨스,청소년관람불가,일반영화
281,벗네 마네,이로운,(주)영화사히트,,(주)영화사히트,2021-07-,개봉영화,장편,한국,1,,1,0,0,드라마,청소년관람불가,일반영화
282,변태 사모님 다른 남자 맛 보기,버드맨 텟페이,,,(주)영진크리에이티브,2021-07-,개봉영화,장편,일본,1,,1,0,0,멜로/로맨스,청소년관람불가,일반영화
283,보험왕의특별한마사지-무삭제,신민철,스마일컨텐츠,,스마일컨텐츠,2021-07-,개봉영화,장편,한국,1,,1,0,0,멜로/로맨스,청소년관람불가,일반영화
284,비밀방의 선물,이로운,(주)영화사히트,,(주)영화사히트,2021-07-,개봉영화,장편,한국,1,,1,0,0,드라마,청소년관람불가,일반영화
285,새엄마지만 괜찮아,이로운,(주)영화사히트,,(주)영화사히트,2021-08-,개봉영화,장편,한국,1,,1,0,0,드라마,청소년관람불가,일반영화
286,섹스인형 : 그녀의 온도,김동기,(주)디에이치미디어,,(주)디에이치미디어,2021-07-,개봉영화,장편,한국,1,,1,0,0,멜로/로맨스,청소년관람불가,일반영화
287,소원 들어주는 착한 며느리,카네코 지로,,,(주)영진크리에이티브,2021-07-,개봉영화,장편,일본,1,,1,0,0,멜로/로맨스,청소년관람불가,일반영화
288,숙모,이상수,선셋 시네마,,선셋 시네마,2021-07-,개봉영화,장편,한국,1,,1,0,0,멜로/로맨스,청소년관람불가,일반영화
289,스와핑 : 상사의 아내 2 무삭제,김환,(주)영화사가을,,(주)영화사가을,2021-07-,개봉영화,장편,한국,1,,1,0,0,멜로/로맨스,청소년관람불가,일반영화
290,싸면 뭐하니?,이로운,(주)영화사히트,,(주)영화사히트,2021-07-,개봉영화,장편,한국,1,,1,0,0,드라마,청소년관람불가,일반영화
291,아내의젊은새엄마,신민철,스마일컨텐츠,,스마일컨텐츠,2021-07-,개봉영화,장편,한국,1,,1,0,0,멜로/로맨스,청소년관람불가,일반영화
292,아들의 첫사랑,이로운,(주)영화사히트,,(주)영화사히트,2021-08-,개봉영화,장편,한국,1,,1,0,0,드라마,청소년관람불가,일반영화
293,앞집여자 길들이기,최성은,(주)영화사히트,,(주)영화사히트,2021-07-,개봉영화,장편,한국,1,,1,0,0,드라마,청소년관람불가,일반영화
294,야설일기,쿠도 타이요,,,(주)영진크리에이티브,2021-08-,개봉영화,장편,일본,1,,1,0,0,멜로/로맨스,청소년관람불가,일반영화
295,야한동생 몸으로 울다,정지승,(주)코빈커뮤니케이션즈,,(주)코빈커뮤니케이션즈,2021-08-,개봉영화,장편,한국,1,,1,0,0,성인물(에로),청소년관람불가,일반영화
296,어린 새엄마가 좋아,버드맨 텟페이,,,(주)영진크리에이티브,2021-07-,개봉영화,장편,일본,1,,1,0,0,멜로/로맨스,청소년관람불가,일반영화
297,어린 장모:대물 사위,버드맨 텟페이,,,(주)영진크리에이티브,2021-08-,개봉영화,장편,일본,1,,1,0,0,멜로/로맨스,청소년관람불가,일반영화
298,어쩌다 구멍동서 무삭제,조태호,(주)영화사가을,,(주)영화사가을,2021-07-,개봉영화,장편,한국,1,,1,0,0,멜로/로맨스,청소년관람불가,일반영화
299,엄친딸 : 2대 1 사랑 나누기,신승엽,(주)영화사가을,,(주)영화사가을,2021-08-,개봉영화,장편,한국,1,,1,0,0,멜로/로맨스,청소년관람불가,일반영화
300,여배우의 스와핑,김종석,모히또필름,,(주)컨텐츠 빌리지,2021-08-,개봉영화,장편,한국,1,,1,0,0,멜로/로맨스,청소년관람불가,일반영화
301,여자 간병인 무삭제,김환,(주)영화사가을,,(주)영화사가을,2021-07-,개봉영화,장편,한국,1,,1,0,0,멜로/로맨스,청소년관람불가,일반영화
302,옆집 누나의 유혹,아라시야마 미치루,,,(주)빅콘미디어,2021-07-,개봉영화,장편,일본,1,,1,0,0,성인물(에로),청소년관람불가,일반영화
303,옆집 이모의 사정,사루,,,(주)코빈커뮤니케이션즈,2021-07-,개봉영화,장편,일본,1,,1,0,0,성인물(에로),청소년관람불가,일반영화
304,예쁜 새댁,최찬호,(주)영화사가을,,(주)영화사가을,2021-08-,개봉영화,장편,한국,1,,1,0,0,멜로/로맨스,청소년관람불가,일반영화
305,오피스텔: 친구애인 무삭제,이하,(주)디에이치미디어,,(주)디에이치미디어,2021-07-,개봉영화,장편,한국,1,,1,0,0,멜로/로맨스,청소년관람불가,일반영화
306,왕게임 : 여대생 길들이기,,,,(주)온비즈넷,2021-08-,개봉영화,장편,일본,1,,1,0,0,성인물(에로),청소년관람불가,일반영화
307,외로운 새엄마:크고 단단한게 필요해,에이트,,,(주)영진크리에이티브,2021-08-,개봉영화,장편,일본,1,,1,0,0,멜로/로맨스,청소년관람불가,일반영화
308,외로운 유부녀,히이라기 엔부,,,(주)영진크리에이티브,2021-08-,개봉영화,장편,일본,1,,1,0,0,멜로/로맨스,청소년관람불가,일반영화
309,요정신부,윤준세,(주)영진크리에이티브,,(주)영진크리에이티브,2021-08-,개봉영화,장편,한국,1,,1,0,0,멜로/로맨스,청소년관람불가,일반영화
310,욕구불만 며느리:당장 하고싶어요,사쿠라비토,,,(주)영진크리에이티브,2021-08-,개봉영화,장편,일본,1,,1,0,0,멜로/로맨스,청소년관람불가,일반영화
311,월세는 몸으로 낼게요 무삭제,김환,(주)영화사가을,,(주)영화사가을,2021-08-,개봉영화,장편,한국,1,,1,0,0,멜로/로맨스,청소년관람불가,일반영화
312,유부녀 전용 클럽,카와노 고우시,,,(주)박수엔터테인먼트,2021-07-,개봉영화,장편,일본,1,,1,0,0,드라마,청소년관람불가,일반영화
313,유부녀:한번으론 부족해,아카바네 키쿠지로,,,(주)영진크리에이티브,2021-08-,개봉영화,장편,일본,1,,1,0,0,멜로/로맨스,청소년관람불가,일반영화
314,육덕장모 불끈한 사위,에도마사,,,(주)영진크리에이티브,2021-07-,개봉영화,장편,일본,1,,1,0,0,멜로/로맨스,청소년관람불가,일반영화
315,은밀한 무릎과 무릎사이,정지승,(주)코빈커뮤니케이션즈,,(주)코빈커뮤니케이션즈,2021-08-,개봉영화,장편,한국,1,,1,0,0,성인물(에로),청소년관람불가,일반영화
316,음란 장모의 욕정,키타노 마지메,,(주)코빈커뮤니케이션즈,(주)코빈커뮤니케이션즈,2021-07-,개봉영화,장편,일본,1,,1,0,0,성인물(에로),청소년관람불가,일반영화
317,음란한 며느리:발정나는 날,사쿠라비토,,,(주)영진크리에이티브,2021-08-,개봉영화,장편,일본,1,,1,0,0,멜로/로맨스,청소년관람불가,일반영화
318,이웃 여자:맛 보실래요?,버드맨 텟페이,,,(주)영진크리에이티브,2021-08-,개봉영화,장편,일본,1,,1,0,0,멜로/로맨스,청소년관람불가,일반영화
319,이젠 스네요,,,,주식회사 미콘,2021-08-,개봉영화,장편,일본,1,,1,0,0,드라마,청소년관람불가,일반영화
320,자매 돌려먹기,김종석,컨텐츠레드,,(주)컨텐츠 빌리지,2021-08-,개봉영화,장편,한국,1,,1,0,0,멜로/로맨스,청소년관람불가,일반영화
321,자매 : 탐스러운 가슴 무삭제,한대위,(주)영화사가을,,(주)영화사가을,2021-07-,개봉영화,장편,한국,1,,1,0,0,멜로/로맨스,청소년관람불가,일반영화
322,자유로부인의 절정시대,정지승,(주)코빈커뮤니케이션즈,,(주)코빈커뮤니케이션즈,2021-08-,개봉영화,장편,한국,1,,1,0,0,드라마,청소년관람불가,일반영화
323,잘 세우는 새엄마,유키히로 나스,,,(주)영진크리에이티브,2021-07-,개봉영화,장편,일본,1,,1,0,0,멜로/로맨스,청소년관람불가,일반영화
324,잘세우는 형수님,최성은,(주)영화사히트,,(주)영화사히트,2021-07-,개봉영화,장편,한국,1,,1,,1,드라마,청소년관람불가,일반영화
325,장모님의 노출증,아마엔보 쇼군,,,(주)영진크리에이티브,2021-07-,개봉영화,장편,일본,1,,1,0,0,멜로/로맨스,청소년관람불가,일반영화
326,장모님의 속살,에도마사,,,(주)영진크리에이티브,2021-07-,개봉영화,장편,일본,1,,1,0,0,멜로/로맨스,청소년관람불가,일반영화
327,장모의 사생활,카부토가니,,,(주)영진크리에이티브,2021-07-,개봉영화,장편,일본,1,,1,0,0,멜로/로맨스,청소년관람불가,일반영화
328,저주받은 자들,예프게니 루만,,,컴퍼니 엘론(주),2021-07-,개봉영화,장편,기타,1,,1,0,0,공포(호러),15세이상관람가,일반영화
329,젖어드는 어린 며느리,버드맨 텟페이,,,(주)영진크리에이티브,2021-08-,개봉영화,장편,일본,1,,1,0,0,멜로/로맨스,청소년관람불가,일반영화
330,지인의 노랑꽃,윤준세,(주)영진크리에이티브,,(주)영진크리에이티브,2021-07-,개봉영화,장편,한국,1,,1,0,0,멜로/로맨스,청소년관람불가,일반영화
331,직장 상사의 어린 아내,이시카와 지로,,,(주)박수엔터테인먼트,2021-08-,개봉영화,장편,일본,1,,1,0,0,드라마,청소년관람불가,일반영화
332,첫사랑 그리고 첫 섹스,이시카와 지로,,,(주)박수엔터테인먼트,2021-07-,개봉영화,장편,일본,1,,1,0,0,드라마,청소년관람불가,일반영화
333,쿨한 며느리,아카바네 키쿠지로,,,(주)영진크리에이티브,2021-08-,개봉영화,장편,일본,1,,1,0,0,멜로/로맨스,청소년관람불가,일반영화
334,쿨한 제수씨:같이 즐겨볼래?,버드맨 텟페이,,,(주)영진크리에이티브,2021-08-,개봉영화,장편,일본,1,,1,0,0,멜로/로맨스,청소년관람불가,일반영화
335,클리닝 레이디,존 노츠,,,컴퍼니 엘론(주),2021-07-,개봉영화,장편,미국,1,,1,0,0,공포(호러),청소년관람불가,일반영화
336,패티쉬 : 흥분한 남자들 무삭제,이종기,(주)영화사가을,,(주)영화사가을,2021-07-,개봉영화,장편,한국,1,,1,0,0,멜로/로맨스,청소년관람불가,일반영화
337,핫바디 키리코:남편이 허락했어요,버드맨 텟페이,,,(주)영진크리에이티브,2021-07-,개봉영화,장편,일본,1,,1,0,0,멜로/로맨스,청소년관람불가,일반영화
338,형수:한 번 해봅시다,버드맨 텟페이,,,(주)영진크리에이티브,2021-08-,개봉영화,장편,일본,1,,1,0,0,멜로/로맨스,청소년관람불가,일반영화
339,형수:흥건해진 날,버드맨 텟페이,,,(주)영진크리에이티브,2021-08-,개봉영화,장편,일본,1,,1,0,0,멜로/로맨스,청소년관람불가,일반영화
340,형수의 성 취향,버드맨 텟페이,,,(주)영진크리에이티브,2021-08-,개봉영화,장편,일본,1,,1,0,0,멜로/로맨스,청소년관람불가,일반영화
341,환상섹스:리얼돌 히비키,코메이,,,(주)영진크리에이티브,2021-08-,개봉영화,장편,일본,1,,1,0,0,멜로/로맨스,청소년관람불가,일반영화
342,흥건한 제수씨:불타는 밤,스이세이 아카이,,,(주)영진크리에이티브,2021-07-,개봉영화,장편,일본,1,,1,0,0,멜로/로맨스,청소년관람불가,일반영화
343,11번가청순글래머오피스걸,이희성,스마일컨텐츠,,스마일컨텐츠,2021-07-,개봉영화,장편,한국,1,,1,0,0,성인물(에로),청소년관람불가,일반영화
344,19번가물많은여자친구,이희성,스마일픽쳐스,,스마일픽쳐스,2021-08-,개봉영화,장편,한국,1,,1,0,0,멜로/로맨스,청소년관람불가,일반영화
345,AV 아이돌의 엄청난 사정 스킬,,,,(주)빅콘미디어,2021-07-,개봉영화,장편,일본,1,,1,0,0,성인물(에로),청소년관람불가,일반영화
